video,start_sec,end_sec,label,notes
C3896,0,3,failure_to_yield,white cobalt during right to the parking space (of anor bank)
C3896,14,21,failure_to_yield,2 white cobalts and lacetti driving thru even though not all peds finished walking
C3896,15,21,jaywalking,girl walking on a crosswalk stepped out of closer to the end of the crossing
C3896,43,46,jaywalking,noon delivery guy with a scooter - entering crosswalk
C3896,49,54,illegal_turn,black suv doing left turn in the middle of crossroad instead of doing from left turning lane
C3896,53,55,failure_to_yield,same black suv guy..
C3896,64,111,stop_line,white lacetti that stopped (after redlight)
C3896,70,73,solid_line_crossing,white cobalt: from middle lane to lefter one
C3896,93,98,jaywalking,ped man in white shirt jaywalked at the end (from anor bank to kfc dir)
C3896,91,104,congestion
C3896,108,112,illegal_turn,white cobalt doing right turn (to hotel line) from wrong lane
C3896,104,154,jaywalking,passenger of lacetti walking out of the car near the island at the bus stop
C3896,113,116,jaywalking,guy crossing the road slighlt outside of crosswalk zone (wiut -> kfc)
C3896,118,129,jaywalking,same guy bunch of others
C3896,64,112,failure_to_yield,(lloooong time)
C3896,135,165,failure_to_yield,starting from black suv and then goes on
C3896,135,165,failure_to_yield
C3896,141,172,jaywalking,bunch of cases
C3896,190,193,jaywalking,in the bottom left corner of the camera view
C3896,220,221,failure_to_yield,starting from matiz and goes on
C3896,217,226,jaywalking,
C3896,229,258,jaywalking,
C3896,284,287,illegal_turn,white spark left turn in the middle of crossroad instead of doing from left turning lane
C3896,286,288,failure_to_yield,same white spark
C3896,291,328,solid_line_crossing,white cobalt on a crosswalk
C3896,297,320,failure_to_yield,white cobalt on a crosswalk
